x1,x2,x3,x4,x5
13.3157874086045,13.18667873331,13.3139285433627,13.5611373482726,13.5692397185396
13.7919500719372,13.0851722318298,13.3660343561305,13.363943088759,13.5020421168654
13.6619169034432,13.1300931385831,13.309445326599,13.8899553448963,13.5960779842138
13.1879875121239,13.1247874174128,13.3323558957812,13.6781719305618,13.5457145816008
13.4079960051764,13.1304025371621,13.3664910170421,13.7363699947089,13.2504637455266
13.379278261376,13.0822452341384,13.3228617296459,13.4556877185974,13.2640222923935
13.3926582568633,13.0111932731443,13.3844690264795,13.0573469985327,13.6672083776744
13.1697298697322,13.3318307374866,13.3028178844626,13.5241544329623,13.8277868007756
13.1816205611879,13.2777188075845,13.3595629059315,13.1075777252961,13.500960277721
13.3020799196968,13.0908642018795,13.3232971214869,13.6363323132833,13.6349727503319
13.5052825921091,13.0141642635386,13.357181400533,13.0811521054737,13.5945652179453
13.3041457397417,13.0481655496123,13.3308760598372,13.4522253096128,13.4594169746248
13.3043016927609,13.5760421917954,13.3103118657199,13.4848616118506,13.5548749890656
13.1473824853807,13.0274777802695,13.3771306372577,13.6797289609706,13.7577486904508
13.1772623981215,13.0543990666938,13.2808187438884,13.3542175278204,13.3444946720712
13.7103561494734,13.0285516138915,13.3443864471638,13.9334792723709,13.405983862525
13.6174448805592,13.1864445772547,13.3550119492301,13.6414369489869,13.5857101691109
13.0790228627363,13.0255544234007,13.2773331749025,13.308401982692,13.3622701140803
13.2875445120099,13.0431864553479,13.3834566396331,13.6315434533671,13.7059901554647
13.2098364473692,13.0243412795707,13.3926046734983,13.8158622888453,13.4112190754508
13.2132241663676,13.0642827314318,13.1877386906094,13.0816077672949,13.5010304999012
13.2155283362977,13.1281760714754,13.3349975532356,13.3720010467294,13.2571012939469
13.4257515113377,13.1931165525438,13.3054036736398,13.4880052793961,13.4717224422319
13.2805035709047,13.2740436975163,13.308875133166,13.8752958839174,13.6563767416313
13.3737206771695,13.2704394192688,13.3120692245413,13.0563599613568,13.7609624153273
13.376480668286,13.0622070408983,13.3132125760846,13.133429717963,13.2631541177839
13.4373395096193,13.1024282011393,13.3349285867327,13.7078800686689,13.3969931728601
13.2384742878258,13.5923913760963,13.3346581917979,13.2456148873695,13.759629878681
13.2290523423389,13.0121196339715,13.3353045182318,13.7427122483707,13.753270617902
13.6044348312179,13.0308535704433,13.4036881507164,13.5590074507922,13.7084954523426
13.2674347545401,13.0269755128023,13.2153053647673,13.7976187995267,13.6025494750171
13.5266181117704,13.4522874917902,13.3398384945149,13.2914504374573,13.6654985432129
13.5284576752095,13.0460332524275,13.2939720662323,13.2756989876637,13.2307715202144
13.1358073071132,13.0121924191116,13.315960808319,13.7182734537178,13.7640260960675
13.1701757177548,13.1613854805078,13.3479800146813,13.0921207408498,13.5375327364082
13.4138428582848,13.99,13.3429120095408,13.359928733737,13.5847723139809
13.3929706058322,13.1002760290998,13.3226866425307,13.6535213216872,13.482260253498
13.4071419571132,13.0787858819635,13.364243569009,13.7331374868814,13.7482900132937
13.2005281202597,13.088222191743,13.2941108428857,13.2479834397611,13.4607769564425
13.4553152172189,13.2075718156061,13.2580453709664,13.9873160176043,13.6004173219506
13.3651185663577,13.4886163351706,13.3332407718331,13.9848916063578,13.4532504450463
13.3449611730183,13.5423769691765,13.3199599370764,13.17453282038,13.7077535366394
13.2533342811653,13.0114322366981,13.3220176201512,13.3923305537594,13.6466422894364
13.5904249443032,13.0789604340369,13.2880013341144,13.8325526338208,13.6410433058527
13.4632226338145,13.1993482388572,13.3114625652384,13.3357715104128,13.4957268425392
13.2094093007585,13.1975419879886,13.2530155524088,13.7564367721764,13.363776655042
13.2062483926853,13.0943562333209,13.31062494615,13.7165236052455,13.4241532680978
13.120940695942,13.0523621500769,13.3140803891158,13.6532980456841,13.4617440384685
13.4251793245193,13.0790176490682,13.298555218471,13.29827548026,13.7602595562456
13.5029163770342,13.0807061515208,13.2422113289998,13.9317752908941,13.4699708082552
13.2258523331167,13.5323734765779,13.2816402907716,13.7311498982022,13.5818009582856
13.3080957919553,13.7217666124732,13.3582860393916,13.1195086690862,13.5477488043024
13.4401077114089,13.2611158971668,13.2905341825072,13.0113568965382,13.5892156025708
13.5020433401545,13.1467100821084,13.3136953344743,13.9186597018289,13.7516448814904
13.8350604083698,13.0184169394442,13.2940732968606,13.9651684749519,13.5118145148455
13.3364726478818,13.4729519959987,13.3941509262095,13.5745450603113,13.3011598097949
13.4652023998743,13.0437590960516,13.4004349764445,13.0909035348431,13.3752057064203
13.4501981020198,13.2114995984058,13.3872773790987,13.1607914970765,13.6613358205368
13.3132864134779,13.1533238678829,13.284884574887,13.5273965322806,13.3676062640293
13.3773711490949,13.0520500908374,13.4251992733759,13.2473965581866,13.4227475787598
13.2437673181058,13.0787225533186,13.3096418051592,13.9463092610691,13.6275274899174
13.2519231697846,13.2780846673878,13.345654873416,13.374383689678,13.3076385103668
13.2848281812981,13.0716693387667,13.2359172844943,13.7419802081374,13.5888745640751
13.5613370225994,13.0313830782668,13.3324090532919,13.0410265802947,13.542912328131
13.4377931236161,13.8959936408304,13.2859845029351,13.2993691651032,13.4514524479543
13.4759637518469,13.0280557890283,13.3911054855621,13.5701926246493,13.6185081464679
13.1404823997973,13.1129455660088,13.3194911765646,13.1336527557547,13.6143499807072
13.6573047460713,13.0810919225894,13.3582598544825,13.1947499101398,13.5922958294086
13.4105604296899,13.0633832499015,13.3257981315124,13.6951830409738,13.6072039839594
13.2127368086936,13.0396217988633,13.3291950629937,13.1262499304583,13.6365977760199
13.215038355262,13.0276698210456,13.2460876408613,13.0795672863261,13.6666066886233
13.3413016792149,13.1816398445587,13.3025905272771,13.4989360478421,13.6822755793432
13.157613964449,13.2350872803415,13.3057556103348,13.7468508937757,13.6677287669819
13.2603581149692,13.1160593403735,13.3557491454944,13.8725669058364,13.6635578558266
13.191836920635,13.0712983052607,13.3462181579213,13.8699630937879,13.6188158509002
13.5468321125933,13.1702079152178,13.3450603084664,13.6045758316331,13.5008717460029
13.4824960355015,13.0836702891476,13.2986772317419,13.6999562205062,13.5058173566517
13.5714313197259,13.1264726401747,13.2884900355107,13.7551086567342,13.4127647149933
13.3674637253731,13.1689084110328,13.3183229764471,13.7341761629394,13.6403995985124
13.1484287800804,13.0790098114701,13.2974878207812,13.1083307637595,13.4661316452474
13.5848358977299,13.1246143502242,13.3626209053874,13.6882443626655,13.3859555881477
13.2075722856784,13.0118280875327,13.3911030023324,13.2217836523175,13.5671529188143
13.2877634844477,13.2459387624964,13.2320449286028,13.807088000031,13.6798540896736
13.2626018272432,13.0853422151506,13.3707146537083,13.8435618932581,13.6809414488967
13.4870201572977,13.0176867585403,13.3990254860064,13.3749339613842,13.471936274754
13.2526112427171,13.0191065890778,13.3410003530701,13.0900739177029,13.5644528678737
13.7221674026005,13.0135762016131,13.3095927930454,13.2149929811554,13.3968050681272
13.3851441849519,13.0291025337332,13.3667022910915,13.9627266685651,13.5684898009296
13.4700117702403,13.1094133242332,13.2497373433928,13.8161476592229,13.5231274754028
13.2795418336116,13.0544551464322,13.3237510464394,13.6008144593771,13.5055331530124
13.3058515178584,13.1112933107497,13.2647057253311,13.139329451626,13.5565255170464
13.3970633833579,13.0825647061946,13.3150514914156,13.7609695379617,13.5280662940601
13.281346418616,13.3156473466156,13.2836317724982,13.1735784174775,13.4326922776563
13.5114199594717,13.2127261025937,13.2873187259172,13.3695370026368,13.5505325271086
13.4358161386512,13.0628510526889,13.3065073339075,13.3267724345634,13.8671093197132
13.8645719755777,13.018318147381,13.2583110233093,13.5466059349301,13.5562639445225
13.2338863066241,13.0955483315986,13.3445291552196,13.6724333011029,13.5950928124873
13.3723869710782,13.0255234077234,13.2878905519604,13.8876311955164,13.4959554146541
13.2778142158747,13.2394325574965,13.3101033689525,13.4483050480846,13.5143093705269
13.4417239067412,13.4922947275848,13.2797386906126,13.7226033506553,13.6553563505182
13.5963321792614,13.1969096833112,13.3357939043982,13.1723287706443,13.7471457948974
13.1857557553619,13.0804569304059,13.3147559008358,13.747862906832,13.3608808624595
13.4789680423133,13.5324891503314,13.320818727124,13.0197050000765,13.568564238847
13.3330387477462,13.0611945552587,13.2925730923086,13.569804517793,13.5417324692265
13.398870221474,13.2026525751504,13.2653289832253,13.1203988800749,13.4594707050721
13.4196233547514,13.0324350816247,13.3214442613569,13.7692791396442,13.4377528744237
13.3996847132077,13.0785522162287,13.3430060814085,13.6333151204484,13.7931903159844
13.4434858477888,13.2025199439911,13.3956559208799,13.8354930739453,13.5914503843973
13.2717329205833,13.0147214080387,13.3347411021737,13.0700818968122,13.6438174353772
13.1770927791693,13.0472782523412,13.3752586754176,13.3434072484245,13.4694704174424
13.1447146036026,13.0354141551914,13.3403280440461,13.3283883947668,13.437881220603
13.3530795300312,13.3438924698799,13.3302669369059,13.6070943662926,13.7555384188456
13.2364545296687,13.1285338507797,13.3531951857762,13.1296930952524,13.5477067543714
13.4505940277702,13.1333109805499,13.2833107713274,13.8380549621618,13.5128801175533
13.1694828851839,13.0949451812607,13.3357887572285,13.4305702531088,13.4048252080393
13.3336990701607,13.1314326925341,13.3563192538243,13.7157624774161,13.6123028575488
13.4068535671298,13.1203519555114,13.3245672602671,13.3718819917437,13.5421174781761
13.7068799127148,13.0831487755388,13.3168834379527,13.1937403806027,13.5746879317049
13.2065868303721,13.168976973485,13.3316220261884,13.824480374489,13.4603373132889
13.1910194263483,13.0719728080896,13.4006277734258,13.0771947631358,13.4716856818725
13.1673482333991,13.1690772234599,13.2914536565482,13.3202363040194,13.5615370108661
13.2492631167996,13.0384252366667,13.3474024905466,13.4079735474891,13.3930040829103
13.2256180229717,13.0902156028756,13.3291086006819,13.8760183849613,13.5105747844833
13.2029015489113,13.0564845677804,13.3114954810033,13.5835318786666,13.4877906309945
13.6281803580574,13.7248870097029,13.2914009398782,13.1032192324874,13.5861568797695
13.4321528766817,13.1076463778493,13.3104486528571,13.752916234363,13.5919268362952
13.3720551400428,13.1221030741837,13.3081358002857,13.4728965503902,13.560688360919
13.4524883803365,13.2150156217942,13.328012858114,13.0196379690395,13.4264586849059
13.7119779595361,13.020984121417,13.2688086818889,13.7450868855442,13.5128215311028
13.176123435508,13.1530439305773,13.4737872611334,13.5632003325655,13.5859824461778
13.500418500403,13.1001589187275,13.3034997985847,13.2471976665324,13.4485032486
13.3377686700534,13.0578432391098,13.3322804641734,13.5020892333366,13.7359213651749
13.353198479282,13.1608357402977,13.3077849941228,13.2183122077448,13.3821426552555
13.5327751784265,13.1025166907801,13.3421877123419,13.7208065229255,13.5881217673717
13.3901896310142,13.0577941734563,13.2532417382895,13.4871079503865,13.2640688856635
13.213091948476,13.0641046377846,13.3233103599139,13.1741993283351,13.4680147448742
13.2554858047848,13.0120482778449,13.3166501092262,13.4651311388295,13.6084866615731
13.2945146048958,13.0254449567508,13.3272386204947,13.5227614392926,13.5160830232234
13.4092953025621,13.5129122850047,13.3399327824416,13.3974186188128,13.4886103603306
13.0593550188565,13.2943682484584,13.2924586446169,13.2228818268628,13.6524150311754
13.2170658935681,13.2398529323319,13.3008318169645,13.8819223774234,13.4231767422724
13.1889295907314,13.0432027634793,13.295271653538,13.1220440454956,13.6019513125372
13.5781005268805,13.0901506701147,13.3993884208893,13.2409583562711,13.4616433684394
13.2985665349274,13.0472274357811,13.3377254195172,13.1250843425502,13.9714435802812
13.3366834055564,13.0136522861971,13.2360695350173,13.8157175173085,13.5288256008973
13.287330686244,13.0986796609156,13.2262046264166,13.9835591432724,13.589987612909
13.3717510798955,13.0105899596694,13.3327724167047,13.3093466287488,13.5234182921054
13.4110342064202,13.0406735664578,13.3524959601074,13.5582737835044,13.2752212044789
13.2713580716147,13.1166743113281,13.2929529778389,13.0376295771198,13.2453965423648
13.2705964935574,13.0781591070189,13.3362512312869,13.7940499936477,13.2518418458755
13.2569485883566,13.3714559059135,13.3339147903058,13.913229971317,13.5700960975376
13.4830795206663,13.3746099254201,13.3185885706342,13.9517775571579,13.4378709628153
13.3555116140267,13.2356914850718,13.3316959397592,13.7517765562245,13.4665546956887
13.3729466817825,13.0185766131341,13.2200505481094,13.3739771893862,13.7764592746604
13.2243247565251,13.3964727376906,13.3176237372423,13.1291902499925,13.5765509239058
13.3072038758041,13.0455087371845,13.3298888226228,13.931913244972,13.4206960892537
13.4062230409608,13.5394905009723,13.2786935735851,13.7586837132066,13.4473849540642
13.6503039070902,13.0594090643602,13.363073144902,13.7040224316098,13.5337386910955
13.6462718284835,13.1645621182963,13.2554128147288,13.0483318725351,13.5960218612711
13.6001947007119,13.0596386796749,13.3606900154093,13.1579155859703,13.5579107982163
13.3721915639179,13.179045349038,13.2889304990945,13.4642645205879,13.152495263637
13.4519602049776,13.0340058818829,13.3045902296345,13.2933089596497,13.5375386185045
13.2495918481734,13.1648922106487,13.3173011411419,13.7545038672826,13.5442161310038
13.5385310562707,13.0562185283814,13.3159634995495,13.9707200979741,13.4953066305467
13.1301905341989,13.0256112555926,13.334876509996,13.9632684966715,13.6531870619671
13.4636698700521,13.0217464655772,13.320288163342,13.3961398827846,13.5564110888919
13.3061034901297,13.0645474664661,13.3310899372848,13.5676055328469,13.5157544505187
13.2813059848323,13.0814649948566,13.1295148983407,13.712622441281,13.4854179355046
13.1567445508396,13.0875429045069,13.2791837611346,13.5286005617494,13.5687770391273
13.3359379504316,13.4492509524473,13.4364860247875,13.7716374325025,13.7033894251335
13.2602045104203,13.1293548735324,13.3487558800603,13.1375369845576,13.5440235750895
13.4556814278373,13.1302310752469,13.3024835538634,13.4326961685993,13.6262013513321
13.4461029274179,13.0299438189605,13.3335761987185,13.5176358366484,13.300040185445
13.1392079111101,13.0194604464433,13.3939519885953,13.7866246892367,13.7595247286922
13.5547870161028,13.0124614762439,13.3650429512525,13.6148957141978,13.658561534103
13.4020744732045,13.0422744213682,13.3433081366811,13.4453852610921,13.6052926198892
13.2563728092611,13.0787669415207,13.3301461612586,13.7799450181812,13.7056195854192
13.2091348778853,13.0986768210526,13.3838630752003,13.1587513331138,13.4334209549254
13.2049193680137,13.1370100376904,13.3072018109851,13.5640587652887,13.5970748932627
13.1756166398551,13.1571701753363,13.2992442552061,13.2832367228199,13.4321514928983
13.4278112396044,13.040863709958,13.2868927235092,13.8198569433525,13.4552251965804
13.6094823983907,13.0320614712061,13.4548299857817,13.9290248909185,13.4510942567933
13.7523816149479,13.1928924743356,13.3156267062344,13.3400002922164,13.9070840508722
13.3722366615528,13.2004701621562,13.2855232757012,13.8652185829833,13.2873511355672
13.4742643657746,13.3071357244861,13.2960113240174,13.4375054418373,13.6113434242674
13.3763345564005,13.1497386405275,13.3387037197311,13.2866861370655,13.8957130155685
13.1394489583355,13.553903388632,13.2651762300578,13.1811890275006,13.7740650185488
13.2241581346766,13.2796841923875,13.3483419683234,13.3491833777898,13.7384677005814
13.2816140330248,13.1289685015368,13.3472099835241,13.1295210632441,13.8011189853835
13.2819155729942,13.13716163344,13.4183774124085,13.0864861375912,13.7324393440168
13.3570633541925,13.1948014092131,13.300247690527,13.3855291968872,13.6403942651811
13.3788658691227,13.0629547740717,13.3093942324827,13.2763304704929,13.4009886472306
13.4351775190521,13.1233716051807,13.2898350671767,13.7393278715407,13.6010290187049
13.5834468853744,13.1736389003264,13.3435008878521,13.6108162169288,13.5479865346581
13.6478793168625,13.0122214818607,13.2886947384378,13.3579745145205,13.6384723393446
13.2716493629761,13.1579933253818,13.2928741009247,13.9834197549016,13.4457783561586
13.5409469517424,13.1519592966909,13.2802891998975,13.7545452598781,13.3270790687877
13.3606432821007,13.0227663055858,13.3597982906626,13.7251962415229,13.5023482703757
13.200704849464,13.0610931457643,13.3262882780977,13.1185399476931,13.5407490395181
13.2565058037298,13.0376967426795,13.3178268232541,13.3250657832006,13.5478735392926
13.4957139785596,13.0207962861199,13.3831119720832,13.7191571624266,13.2816633707504
13.3870994388574,13.1288153437344,13.2556049657256,13.6665618033676,13.520556909619
13.156333248967,13.0678566639726,13.2476564240891,13.4102783316316,13.6006525512379
13.2484208698986,13.0459064940505,13.3064337441672,13.6389839117216,13.4061381479214
13.1556026980917,13.1144317073664,13.3558933512013,13.4857274327807,13.6141295951758
13.5876777742384,13.0533642837857,13.3246700102983,13.2741574731975,13.5418151554147
13.2806331322634,13.0845790199322,13.3132333952139,13.1026039706425,13.4883963092053
13.432815739884,13.0497321077404,13.3279595652363,13.2625233387272,13.5819906425382
13.14344142855,13.0474626393362,13.3403546767876,13.8080428046724,13.4409594102348
13.5056427691787,13.2701727529018,13.1963425074892,13.2015286266537,13.5079912502131
13.2970258869229,13.0523796969969,13.6543308868824,13.3351763581302,13.4630338852005
13.1913110808041,13.071443370612,13.3109613199531,13.8845706443283,13.4882446257143
13.283631394148,13.1637419798004,13.3216142408094,13.1627373359574,13.4534220093048
13.5939610913881,13.0805681553849,13.2825519678945,13.7655842891141,13.6174932381132
13.2890443148635,13.1565292164162,13.3336569013262,13.090193228486,13.3802895714304
13.3259379050169,13.1034275997479,13.2999975356652,13.3483251647783,13.4433147525926
13.4094815722182,13.3300024463995,13.3329040138417,13.3747485815452,13.7360774648023
13.5759972776629,13.7214474994716,13.319307921583,13.6132508899926,13.6245368659389
13.3356102141499,13.0993751896324,13.5748647412506,13.9400173684442,13.4971690999575
13.3513651741787,13.0102270127074,13.330562664319,13.7865145873902,13.6389258240885
13.7301536389291,13.0566434039062,13.3670234293101,13.9519718227608,13.2967794869424
13.5722435926362,13.3496052059744,13.3554081697939,13.7160612225746,13.4556945593981
13.2280385070622,13.0856821447485,13.3214125706196,13.9105451856716,13.4757449318981
13.4442891222592,13.0179345272592,13.3124858235065,13.7137000460568,13.3380350945113
13.2015219743231,13.0434000995272,13.2783809150385,13.1546476785162,13.6714147469033
13.4671152291024,13.1644365986353,13.2390299798733,13.8262897981877,13.9115576375236
13.3332165400312,13.0315741506362,13.3381449827279,13.1291353231995,13.7491767799819
13.7102250982076,13.0900397554971,13.3128060372692,13.3933623244282,13.4370680785689
13.3380355659262,13.0702676045114,13.3275077583113,13.4792747609516,13.5616768386329
13.3904264718507,13.2300408970544,13.3036830372839,13.2627796473169,13.515119311091
13.4894497987041,13.0477798642617,13.36586484218,13.4114963867945,13.4429806774527
13.3968731255479,13.0363838967037,13.3252820803974,13.2112926953863,13.6909783718672
13.2608264588682,13.3455850952507,13.3403744417524,13.4801079432688,13.3924058662482
13.7007436149303,13.0821901908128,13.2723655953315,13.9058321786071,13.6172225567107
13.1385865298386,13.0642809730379,13.3494205566873,13.9834648885348,13.4928679015995
13.3385659462659,13.1515437453761,13.344123962178,13.6110629532124,13.6210081068735
13.3048114592692,13.1452686277991,13.3514467006048,13.0240974397193,13.2299270737568
13.3414016525914,13.3532299369527,13.3102257571518,13.4384515569023,13.5319187841188
13.460425405802,13.0281185275571,13.3252287226712,13.8248752793909,13.591023235093
13.5268715703937,13.0488825999475,13.3370676363209,13.3729947168246,13.5793692324038
13.20593178444,13.0323707269896,13.3097431942908,13.9086225761684,13.5941265719092
13.4723224769245,13.1932440103406,13.3375974321904,13.9774761912589,13.4783307407366
13.2936795151934,13.2830381444926,13.369887447401,13.6975868328902,13.3946438278786
13.7074954898216,13.2574469085125,13.3051738989352,13.4061165132614,13.4202058756108
13.5164273404816,13.0450984570221,13.3318220041653,13.8399840709758,13.4981537298835
13.4299460218918,13.1395355499184,13.3190503255549,13.7539139768906,13.5439624386371
13.5207325527766,13.2238657380742,13.3973880197718,13.0101955375101,13.3566357663898
13.0803531360909,13.1104749558641,13.2517130987291,13.2707609336554,13.7193421352901
13.0938741932783,13.1486714763904,13.2443692607321,13.0207835519881,13.4001224276141
13.4485411326994,13.1317403549082,13.3430652733777,13.8422988506321,13.4131370493798
13.4020225321021,13.0694204791336,13.2765703305508,13.3124725939686,13.613767009584
13.4503228676703,13.1543981634504,13.300606151618,13.4256380828987,13.6410035829895
13.2766375390766,13.5696203971102,13.2684704721399,13.8411478319876,13.6457576941363
13.2240814005954,13.2830811751205,13.3462106481905,13.9377769787979,13.7073088065566
13.2389999763582,13.0145381383964,13.3008900860837,13.1754427213775,13.343766461437
13.3520244508706,13.1568653499529,13.3252410371218,13.8863420300324,13.4629020421638
13.7068070971215,13.0201742606957,13.3077329791057,13.767130205352,13.4671008956408
13.2438930566331,13.0518850339413,13.3315888120878,13.1373642893031,13.6708048108281
13.5181829293461,13.3684297156072,13.3592402011019,13.0659767314109,13.436851633957
13.4783714070071,13.0786788844741,13.3056887499123,13.01,13.3298524351539
13.2018934676335,13.039974807922,13.3170607700628,13.8973655912879,13.5968767006579
13.4109274254702,13.0394215778737,13.3127412102192,13.8936086128099,13.7577073760162
13.2132460662513,13.0560997344549,13.3678116602252,13.11829916441,13.4789771387019
13.2917294019596,13.2240671330213,13.3061064744304,13.4087918739126,13.3626638063747
13.3974028899753,13.0788587377052,13.3671932804161,13.6656322395397,13.7862868617175
13.7866088461017,13.1383216777189,13.323459845967,13.6560003740101,13.4643283494358
13.2952818060735,13.1194309060048,13.3439920012506,13.955187217282,13.6941797191014
13.4890608810944,13.3767292118305,13.3165563286609,13.1018278169967,13.3310748604467
13.3077793918096,13.0614389617216,13.3716452531225,13.6083343419267,13.5253191097629
13.4257147754564,13.0727996457944,13.2116061846933,13.4377280915934,13.5600621311658
13.4195977951873,13.0210499142878,13.3411665776013,13.5159848219166,13.5628706037021
13.4563228906209,13.0491850206459,13.335772276851,13.8067772150346,13.3957254932165
13.3929827222767,13.0958054872389,13.3307234847575,13.5114247225748,13.5657660083161
13.3060513712792,13.0363725472678,13.3198140565705,13.336182887757,13.4809600283858
13.4462743330823,13.0487462540395,13.3099966392884,13.7704900534903,13.5152181963673
13.2400216511651,13.1646350165644,13.3357788212472,13.568480549467,13.4584205975579
13.4467746184003,13.3967300442324,13.2711236542251,13.4352903421085,13.5574516362614
13.254047995415,13.2273031811491,13.3573510353992,13.3644694968469,13.5665272186361
13.2497599914772,13.1382524797053,13.348830634504,13.6692558708062,13.39714850472
13.1915623045183,13.2035324243205,13.3179506608191,13.2309044685691,13.5256195199921
13.3241666736261,13.0119984801626,13.3097232077572,13.910067170579,13.5772832283181
13.3090590678319,13.0530594242542,13.3280571035218,13.1370974167355,13.3924992510781
13.3236174950524,13.1834351168945,13.3175963143649,13.4901226558195,13.648134504034
13.3659387313993,13.0375875313204,13.3454179549969,13.6588215440049,13.555969453155
13.2298618328071,13.023784171902,13.3591854887985,13.7521774566076,13.5146910882326
13.314446312749,13.0336568734045,13.296945595266,13.6379935048711,13.5805570563585
13.3689747455544,13.1606027450349,13.2889417479899,13.8216506112986,13.5479717265886
13.2662824563317,13.5443595517138,13.3206399872597,13.8198897662766,13.452796796812
13.6094947769661,13.195987454798,13.302037418838,13.3237185948609,13.811257543567
13.4556252795078,13.1667484643166,13.3299628781973,13.3507396405778,13.4735191508736
13.2634718594679,13.0442300689959,13.3113054218798,13.9871476400738,13.5608833668412
13.3102215139479,13.0778441987105,13.3355311739356,13.6716912530227,13.1694297180613
13.4537955530734,13.0858270226772,13.3299800903558,13.6685678473761,13.6048092146124
13.4382364159558,13.2227854748875,13.2998565886307,13.3077354549267,13.5226909899697
13.1894375536285,13.1589842386738,13.3211559941327,13.4946075550499,13.4354148337706
13.1804278632747,13.0299264151677,13.2353920010431,13.8704085835494,13.5178778110589
13.2133896534657,13.074969956455,13.3166630303236,13.5588045029213,13.594773467099
13.4584643299616,13.1795893168532,13.3097667953508,13.824263456423,13.5011276132678
13.5479316333545,13.1394111567918,13.4066075729759,13.6083660905015,13.3716318479253
13.7838916311463,13.1225045673017,13.3619013417368,13.142859776661,13.5024789666548
13.4367975030425,13.1080274618461,13.3250920928878,13.0172388780864,13.4640520064548
13.2057511093015,13.1706260329758,13.3754926933139,13.2265764700141,13.351275557226
13.506262852533,13.2476050878717,13.2905113685021,13.4065167524537,13.5210061282191
13.3045184893193,13.1090846357574,13.3203354505968,13.5634805680377,13.6338563522621
13.01,13.0935059881212,13.3253560770039,13.419086921057,13.7020100930548
13.5425817960061,13.3167371952555,13.3747095680916,13.3052803612327,13.590220152749
13.1482418722539,13.2006622629186,13.3291947895837,13.1117559213265,13.3766142748651
13.2987809540296,13.173926473122,13.3624081437827,13.5205937783431,13.4910255223539
13.2674133079356,13.026558659217,13.3058619822132,13.4300147172281,13.5558816535247
13.3162499541292,13.1750261540858,13.315792626304,13.3239414643287,13.44443420065
13.4973727768893,13.0546567825549,13.3275998519181,13.1629699309814,13.2557653205148
13.1337391812235,13.1112576186425,13.3198168829453,13.6631509916981,13.4734257781048
13.3866408224946,13.049726456937,13.3861090703088,13.5247763969288,13.5884978557329
13.5592672549527,13.3241970210624,13.3219083521386,13.1882303420241,13.4977018746143
13.2437194514627,13.1275000192524,13.3007592287611,13.6024804695494,13.2211773265392
13.1578331187201,13.0539121532271,13.376626755942,13.4270933842597,13.4940193218369
13.2295169869551,13.0893625193608,13.292703425285,13.5840736937547,13.5490002875344
13.4209102223783,13.0580718403135,13.3466578275295,13.7030741164584,13.5933295739487
13.4285999686644,13.0364810359736,13.4531804182359,13.3633380912436,13.473599095181
13.5076498323162,13.0116577439991,13.2898808336705,13.4715215979778,13.5359627926468
13.494005848712,13.0908842366944,13.2250055358388,13.579275404505,13.6281367629421
13.4678752118396,13.1014737473015,13.2660193155216,13.6770650125399,13.7008897070804
13.7228734136443,13.1802138579523,13.1730185553921,13.638946042736,13.5521973281488
13.3608560368025,13.1845971246561,13.3117522290506,13.4392161948666,13.6369945172144
13.6766923974065,13.1488843475568,13.3355342129487,13.4491533222231,13.3692300952535
13.5031106546868,13.0496291293091,13.3196717164234,13.2254254737519,13.4021974456669
13.3246793427018,13.1076207890238,13.2534370722599,13.7774229923433,13.74750715882
13.0306956536556,13.0105314470103,13.277377929834,13.7826089558775,13.5889150677751
13.3325550528707,13.059287290393,13.2696478547101,13.844403993314,13.6868111671838
13.2045459297453,13.0323174190922,13.3763012256214,13.8084992622065,13.7100216678334
13.3509506425058,13.1444059398155,13.3196197368274,13.4656548359212,13.444757508589
13.726048483097,13.2050880746093,13.3117334412757,13.3486108882478,13.4177017767307
13.599602733711,13.1223532707747,13.4819654820097,13.4981636251849,13.3907462001545
13.5067629464716,13.0784645337169,13.3437787914363,13.8413436074807,13.6873898518102
13.435703416793,13.349218249929,13.3232871728276,13.3057607340013,13.4381396077674
13.5513482187015,13.0740846643646,13.3176049436873,13.1072843212797,13.6925324845108
13.5944889056516,13.1269916541785,13.3105504471347,13.471470145234,13.4819152108066
13.0359639422967,13.3305294554558,13.3006160384218,13.0617557772377,13.7166237355568
13.2206031650025,13.3018676906917,13.2813065307548,13.7122110888313,13.3399954075906
13.4227430207408,13.1366533354218,13.371389434269,13.4034356189347,13.3329907698075
13.059804782369,13.221521024478,13.4186644148633,13.3827262819232,13.2873858476997
13.5874493013705,13.11650203061,13.3525505867955,13.8156140945162,13.3897321058657
13.509696715491,13.0465118346561,13.2920586622723,13.3830457014539,13.4006677192681
13.1653969191263,13.0343953292473,13.3256362673606,13.3776499876636,13.5016995815835
13.4457135911358,13.1888857986562,13.4011677351554,13.3797165652255,13.3587880839647
13.4697698024719,13.0460820662975,13.2891018440895,13.2388742284917,13.3996400564323
13.4249587151031,13.1154508032243,13.3086459143542,13.9431294977626,13.4587250142622
13.4478420771715,13.0884689635317,13.2904322091627,13.9288339511391,13.6072627767295
13.2469809441648,13.1259766720882,13.3009438914214,13.3095392380632,13.9165695899452
13.4905017949188,13.2915823962656,13.3517795571064,13.2463278553904,13.523644993388
13.3732328719859,13.0907907552936,13.2645530620783,13.9619082553532,13.5629114734125
13.3577667938061,13.1472485424923,13.3328055684101,13.1355699731846,13.4538099327411
13.4648907188882,13.0885191725978,13.3531523573967,13.4458204675677,13.3538249384182
13.1878944126516,13.1234319667822,13.2445314503173,13.7491958511363,13.6343917004451
13.3107439613859,13.0233922989696,13.3843005970049,13.2286546379413,13.4941672131997
13.3760011061666,13.1487129715181,13.2313659102099,13.4595571010989,13.7399097159844
13.3808479096885,13.3263044539391,13.3162893456507,13.161108206753,13.6882361350088
13.1572298735724,13.2590776147721,13.3712476598991,13.6259547888184,13.6764487113883
13.1035917006335,13.0239753775878,13.2994045595437,13.4263677044757,13.7987303585789
13.3539532707233,13.0786371725311,13.3289999916306,13.1846549009419,13.6982316826331
13.3734989587521,13.1693168561255,13.3235714413236,13.8382599280919,13.4202028432815
13.1562309784102,13.0992109831602,13.2981055603898,13.8885082982561,13.5183549705578
13.44936392797,13.037837539659,13.2779909998761,13.6053665294195,13.7222487409129
13.1390800808468,13.4638806736108,13.2439364953146,13.1806481479004,13.7014914880071
13.4328270977683,13.0392799783043,13.3392892577602,13.0667293553454,13.4410587229477
13.50160265665,13.0760197405413,13.2743643491545,13.2449221332853,13.4865848291604
13.3923112623307,13.2590213890176,13.2931107362535,13.4736739994674,13.5984145212971
13.1988380093722,13.0994960342219,13.5968868416347,13.5541538958179,13.5996453427924
13.0906332424686,13.2410362255955,13.2820113802268,13.9467625163388,13.6872571292829
13.5425311243228,13.0241709885747,13.339101524263,13.3660853261825,13.5874117958416
13.2485272533024,13.1472311265439,13.2867869961913,13.7682110847921,13.7447797102446
13.4000503904049,13.0797683396043,13.3357167666538,13.3448669942662,13.4504383257332
13.3999320634438,13.1125301515081,13.3002444497539,13.2278695083173,13.4860973325423
13.3454162841687,13.187897187794,13.3880253140077,13.8067269773287,13.6062334736597
13.3275854754354,13.2028677073756,13.3212782001728,13.5528869289848,13.5579416356377
13.2182559884609,13.0412821709992,13.3025001464139,13.4705648399117,13.6829801725153
13.1168178364657,13.1036647980109,13.2420307337578,13.2541840460408,13.8922028851754
13.5705376376776,13.328415181505,13.3547733829252,13.5945805409607,13.5798843425065
13.4102754631687,13.1314521681071,13.2596863219397,13.0615731323759,13.4051919741062
13.1303764367508,13.053606236822,13.4495681319231,13.5256889769479,13.8405197752016
13.3797242703525,13.1580756845213,13.4098249112277,13.7313882856681,13.5082014944689
13.3831202268957,13.0134303772514,13.3074504746515,13.5317980575291,13.6768470944282
13.2503466228016,13.0284169432595,13.3246602908206,13.0626577352676,13.2766383932394
13.5566875022243,13.0825751357488,13.318312064546,13.4285943838355,13.4799514674881
13.2113099003204,13.0287343860857,13.4158168067528,13.2567507530702,13.6811888916978
13.4372737523173,13.0298500787231,13.3266598051758,13.275451312238,13.562734858254
13.5459563872609,13.0988230770961,13.2957593831087,13.3938110367808,13.4777755771907
13.7317578839801,13.0532506937062,13.2941157919705,13.4565907521185,13.6032581454973
13.3619508006848,13.1636358470716,13.3057193523889,13.8579049279933,13.4197159295427
13.3662963843168,13.3945906475669,13.3447336146208,13.2991745400134,13.5964451619801
13.2782662655656,13.2674565466501,13.3768409031438,13.1619757547727,13.7493720188487
13.4382068568632,13.4017368276969,13.3052634927816,13.7850553547421,13.5816840564071
13.4783413047048,13.1596095051697,13.277446532357,13.7848520996859,13.6548210719557
13.2265323776275,13.0991368381462,13.3526523784688,13.5705685206031,13.3052619332673
13.466746766135,13.0658893956879,13.3340628509668,13.6530128294701,13.4455603368429
13.2752443128334,13.0147079158867,13.3068367370553,13.041585364803,13.3089362361526
13.4410936968175,13.131421935945,13.2720974361466,13.1825434473714,13.7377120973088
13.3771142231481,13.3253737805168,13.3302348891108,13.1061837228252,13.4738751716432
13.367211878402,13.026222418774,13.290244557273,13.9717594089579,13.5007763395032
13.3877178835816,13.2492174556683,13.3341920558005,13.2690613639994,13.7442466317195
13.2370604303671,13.0389427674668,13.3363373031359,13.2170083170064,13.7311304760662
13.4490921430963,13.0180386250221,13.3414982377288,13.6844102555461,13.3858169656176
13.6838841781146,13.0184086630659,13.3388429147914,13.8962149275624,13.2651040232724
13.2888787253923,13.1249419205249,13.2776352238103,13.9754458983371,13.6094539965624
13.380931391365,13.1580097994911,13.333459623913,13.3765839657161,13.3316766485336
13.2963585896622,13.0961765002072,13.3799955941876,13.8595178124608,13.6330235676274
13.4258403754548,13.1138449417268,13.3720019061609,13.5954547570718,13.5574601251628
13.4299946442922,13.026022925294,13.260632144793,13.2963525178934,13.6392054937251
13.4221395337387,13.0435750321107,13.317934354667,13.0453466173824,13.7109482527579
13.3309121265436,13.193225146777,13.3477151682104,13.768553242204,13.6888441652247
13.3153205405765,13.3247553284124,13.18708971759,13.4876467374722,13.4353112983202
13.4323851393482,13.0492734287446,13.3202846331121,13.1831114371621,13.6042160450922
13.4088574951856,13.0517515862729,13.3288312209448,13.0634136194776,13.5369053004464
13.3053880317435,13.0949504206849,13.2787620561185,13.6478944284378,13.4603638625744
13.1256750338572,13.1344883773791,13.2537817005426,13.7301629612898,13.5839500678083
13.6132634525733,13.1976238714589,13.3391127453881,13.400480302133,13.5871885656388
13.5664243554773,13.1443054916466,13.3638486559503,13.3045941774888,13.7194221443299
13.2954703638723,13.0438806363092,13.2512811922993,13.7374351875986,13.5213980323155
13.2552419892186,13.321909261929,13.3522337072597,13.4615691440145,13.6588467637463
13.409708600297,13.2358574506571,13.2834340967298,13.1852034850701,13.6758489606827
13.2711997627838,13.0771364141838,13.3328245607437,13.1281785032396,13.3835123715059
13.3223795697916,13.2349680291755,13.3355441221422,13.6789156326466,13.474178893678
13.2515559594865,13.0112546898831,13.3087031204553,13.1763311472655,13.534648663205
13.2355382002001,13.0912946563491,13.3961381105896,13.0325706197609,13.6000921874167
13.4321099789413,13.0574533072685,13.3060440881738,13.0394764139365,13.313668998712
13.682344716967,13.0567399047777,13.3353617635031,13.5960842053977,13.5598839252769
13.2286337679931,13.51444615099,13.3000152329486,13.5028593149904,13.5130055558214
13.2691872650856,13.6205779807777,13.3231886782694,13.0881350607221,13.5743612980394
13.4131983136469,13.0742642245995,13.3106250167985,13.8969847104813,13.3986330431183
13.494736613908,13.2407191244368,13.2751560777175,13.8523150324194,13.5027676049164
13.4422267366694,13.0440750213991,13.2897123676647,13.0486160989043,13.5129777797099
13.2499629542042,13.141071119225,13.3569409342628,13.3683685038908,13.54863490485
13.1940272986607,13.2639923500532,13.3296270931528,13.8504840877046,13.3010299343702
13.4566718543738,13.1119923263849,13.3338796076234,13.037841825512,13.7078514123993
13.2855474329261,13.0452640514613,13.2707226736593,13.3820297899988,13.8141431996756
13.407226636212,13.1850579508968,13.3141640133075,13.8375503608067,13.548234486007
13.2520453643582,13.0207414739188,13.3730481225201,13.4039066690282,13.7426718428676
13.3125027423458,13.1243145294526,13.4305216768235,13.4804745192881,13.5903388946619
13.4101560175734,13.0381188944656,13.3087204657915,13.6731804016396,13.4180665302314
13.4830039393169,13.1543007810408,13.3037753885168,13.5930888747944,13.4541777028954
13.1619667857317,13.3139327446003,13.2837859456127,13.8982941515676,13.8024548719764
13.302423473169,13.3507849201626,13.2924926119225,13.325710865547,13.4839306486241
13.7530554590935,13.1329362159849,13.3171319094106,13.7109982599301,13.5548241677807
13.3830851611711,13.3836550389405,13.3266629297133,13.7915697233179,13.6181922978556
13.5638730472948,13.5563590031803,13.3256896293419,13.3574278657741,13.7054857194501
13.2699811460462,13.4255188144656,13.4225038211693,13.5747279134653,13.6568928431186
13.3108081093568,13.0176320225985,13.3236021817084,13.3131596369179,13.6672683800397
13.1909193477192,13.184656533006,13.3019135356175,13.317218094618,13.5722831622663
13.6556767007634,13.0703761178012,13.3140148727366,13.3735398424341,13.4725873020047
13.3359500427136,13.1759241969494,13.3408612890414,13.0380475005949,13.3704561549519
13.0939480232918,13.0250104614237,13.2844526319546,13.9536932761172,13.4024948204123
13.1691316723006,13.0234737403809,13.3031329377928,13.0886846906507,13.3995790324876
13.3151716304644,13.3842323787764,13.3261627711901,13.3869703857657,13.3446550713559
13.3993163592233,13.2579981748393,13.2770223170269,13.961872031465,13.4926783073851
13.1838120161292,13.1510707513774,13.3712022831289,13.9399855901787,13.6322650619
13.3592432470264,13.2658027908354,13.28646435611,13.6067943318693,13.3185586472908
13.3794245123654,13.0213957125366,13.3578012118208,13.9137958471245,13.6169327405829
13.3578080838042,13.1065719556255,13.3639855504916,13.4987322341425,13.4204760688985
13.3134378005957,13.0964479453252,13.3322979660976,13.9498935004416,13.5335200466817
13.5019937472053,13.1137135277848,13.3415020653476,13.5264397365301,13.3559282324455
13.2015664830842,13.1581646496232,13.3398021267603,13.3896710399887,13.5888006114026
13.3816577059378,13.1315035301177,13.3070400492826,13.7007430347392,13.5867964194159
13.3867072926217,13.0960718687202,13.2801731729218,13.9256940853833,13.610626373924
13.6553964284578,13.0644405807671,13.3549920169649,13.3557382674225,13.4843759008009
13.4800283750265,13.0643142867026,13.3374435881046,13.678707491859,13.5028144541623
13.5598826138699,13.0770293090325,13.148335002084,13.0693643365418,13.5056480710937
13.3984425153257,13.1253354718944,13.2932977768115,13.7204485202319,13.3639625064935
13.370812414095,13.287239159872,13.217369156946,13.3611031416325,13.5876101372032
13.3029454699459,13.2720589261949,13.3122490543864,13.5827972868538,13.3635474107496
13.3881333948563,13.0832198097199,13.3410872719959,13.2254243126142,13.4322613077738
13.4855179122573,13.4634000640018,13.3158738079485,13.4141149439673,13.4209385912033
13.4844232091577,13.0941259910128,13.3143901749044,13.1749463235837,13.3695483136718
13.3515291181054,13.3003822713025,13.3666186171874,13.583899558726,13.7832175926886
13.3672083475982,13.0966861911846,13.3374177938868,13.3076143028588,13.6019643521894
13.4988473106002,13.1115815465089,13.3493710055716,13.6279039222334,13.5155451917014
13.235731705475,13.0575629334837,13.3082704311535,13.3149930859354,13.4281949365477
13.3304691589234,13.053225154102,13.3227199579391,13.8924173930836,13.3238288800709
13.1314345663568,13.4058939640004,13.3453873432213,13.5678476350856,13.3911877971267
13.1250630802613,13.0456102273828,13.245875794046,13.1395662705053,13.6264520923569
13.4948352092705,13.0409602569873,13.3750032425853,13.8402089900207,13.3597682275735
13.2028756137604,13.2387663270732,13.3276414897159,13.8370125436957,13.5191206045204
13.2771308929266,13.3185863088431,13.2647370604302,13.2531867781088,13.4993346104011
13.2837101395034,13.7104055304236,13.3348146580183,13.9413533005541,13.5756932915703
13.209346648204,13.2450112558041,13.3261892649187,13.5418784689146,13.4365172218886
13.2964587480467,13.0577045158724,13.3312792423615,13.4184760591566,13.5086422776883
13.4013458528415,13.1021248655725,13.3449983264769,13.107293125965,13.6925249249222
13.2468797463963,13.2599959059546,13.3381209360254,13.457163665325,13.481561901
13.400107345335,13.0406380325637,13.301220111112,13.1112402813978,13.6527396962977
13.5779102805343,13.1355845114089,13.2783147467491,13.0916811049673,13.99
13.3296010355029,13.1233945405,13.2842477357797,13.1486017673441,13.2676610471666
13.3461285645288,13.086024891147,13.3279391942371,13.6770935419494,13.3808705508907
13.184077977365,13.1424451272722,13.3415331948857,13.4841827688084,13.4594719127192
13.5065413587946,13.1567572351412,13.3320817237659,13.7163081488792,13.4286816123302
13.2471393796648,13.1845478299098,13.2692502322806,13.6123894384027,13.6656278155104
13.2411492477372,13.0327355004893,13.3218674291793,13.2143353263642,13.7137293403647
13.308794601006,13.0844138577886,13.2370361664099,13.4419180913059,13.4721703899918
13.2579280254356,13.1226124970948,13.3212478207413,13.0606423573928,13.3362635248824
13.291718985964,13.179148801376,13.3094174484975,13.3134906739923,13.4844796831702
13.2254767079454,13.0639144631992,13.3013635075055,13.5883967931033,13.5408108032512
13.1886943290948,13.0160597505381,13.3032473599414,13.916192269562,13.4219685788568
13.3357324101227,13.1437249196594,13.3786272182727,13.0603262004215,13.5517411717433
13.1904847333763,13.1548998873717,13.3769848724613,13.85041831647,13.5592870530353
13.3516351981431,13.1926366350159,13.2955398535046,13.7327144540807,13.7516771101104
13.2813285023762,13.010821349736,13.2948114483072,13.4355646220679,13.5239125922996
13.4576299253615,13.1816070499562,13.3050293689053,13.5475280048063,13.3957941230941
13.3749257271165,13.2768857671152,13.3270708113659,13.5941205356073,13.436927462412
13.3444592623197,13.058498003144,13.2771825938212,13.4385433769963,13.282340440884
13.2914382524837,13.0838656961947,13.3304212250063,13.1286111898818,13.3754292876301
13.3661375023032,13.1482436694528,13.2869402199423,13.5982781129928,13.5242677388536
13.4953036536237,13.0214584601241,13.2850082326755,13.2542130868168,13.4658015404827
13.2830232802218,13.0316009322614,13.3085971122004,13.4169405369741,13.6554371255489
13.4216567556486,13.1876540561401,13.3349422038781,13.177275114317,13.7669794711257
13.99,13.0624998460149,13.3002512500921,13.5241531635674,13.5672940532892
13.4002195054033,13.0931892503558,13.3628944000002,13.5667531684614,13.3996190305019
13.5199866983042,13.0196980862018,13.3340299330785,13.1839400683402,13.445456867545
13.3968469227627,13.1762413474796,13.331198340928,13.0917512277276,13.5538414531767
13.4602723923731,13.051548865125,13.3648388356393,13.0718905579147,13.4861493830546
13.4865234103704,13.7098784810888,13.3063176266636,13.8469013947647,13.5578901463842
13.5361329771404,13.107078666596,13.3145282173887,13.117832499644,13.6143871045383
13.2585216518065,13.0767160853942,13.3046925164711,13.3153786718164,13.7912891487155
13.2479065416142,13.2454076633712,13.2849952501975,13.8112317600147,13.498693705689
13.5142670913563,13.1187487773863,13.3107868869777,13.473613969972,13.3844491172336
13.3203671772528,13.1238510803064,13.3284507413538,13.6290695135674,13.6260057639001
13.5291367434795,13.0205607353213,13.3146716195285,13.168479891222,13.5680791759367
13.4233219227177,13.1612632951185,13.3372796858145,13.2657481016017,13.4479316368988
13.3108663737257,13.0672460336045,13.3211053782339,13.5900168698186,13.4627557333389
13.2362022529922,13.1263108856817,13.3109124515635,13.3246897559222,13.4814872287086
13.2274062481111,13.0489301914499,13.3115626623915,13.8158800558054,13.613740199583
13.6363370270346,13.0313195938181,13.3492808918919,13.0774481195488,13.3797904987234
13.1698572072242,13.0104505513,13.3475045637278,13.0401490111814,13.7613242944303
13.4190889300104,13.1228530205506,13.3610364142592,13.7003555452227,13.7645010347726
13.180738127589,13.0159239419439,13.296077321334,13.8224675438543,13.6865178074894
13.5167921180146,13.1726037013059,13.3399837226964,13.1229902080659,13.4586719901348
13.3543258791926,13.0416551932054,13.3410638830521,13.3758477132753,13.5322211162335
13.4812178661949,13.1748368409827,13.2723215779395,13.1072749045076,13.4562530805988
13.3886461143001,13.0658401968031,13.3172761552305,13.2561416463515,13.551718092824
13.3530782774278,13.0250921472885,13.3043883402624,13.7780966598265,13.4597656978495
13.1235350947008,13.0247959212138,13.2911762571808,13.975022741977,13.3983516415882
13.6605772422436,13.1347966024575,13.3275290284529,13.2443431403215,13.2759614073411
13.7372121179352,13.2319553304335,13.3029288969145,13.2173544810743,13.4976305538469
13.4502636434182,13.0795361431523,13.28269776582,13.655986636545,13.8512179374351
13.3197156547156,13.052948996151,13.3953098831226,13.458423363171,13.7061619557383
13.4012238161227,13.1340428118155,13.2755652959112,13.5198566858818,13.4728053260449
13.3848091063242,13.1413679420333,13.3045160026701,13.4097813256337,13.4819239664232
13.2908072244027,13.0608978431511,13.3184623710477,13.2443814797917,13.5659850858979
13.3352998665564,13.0775629553364,13.2832553431695,13.9225175136068,13.398773965705
13.4410547192485,13.1292677536748,13.3289125346134,13.8772201593015,13.6218013622798
13.411344345468,13.170229050554,13.3239276141977,13.581122809329,13.2805111655362
13.4589743916545,13.1513443965431,13.3280042151337,13.5617461439234,13.4636206669662
13.3032107229099,13.0689783472621,13.2991265025426,13.5828466308673,13.7624951264465
13.4307866290954,13.1154351883402,13.235745073975,13.8492580347603,13.5111708457664
13.3386818301529,13.1823235189777,13.2785478096304,13.8793696341941,13.6615045876456
13.3203836436972,13.1320500746062,13.3263923376537,13.549388876681,13.5078162498205
13.3887946583975,13.2494164284458,13.3118493130847,13.2663630398172,13.5943186543342
13.739100950316,13.1822396295171,13.3354556521884,13.174625728755,13.4265011194187
13.1698856143579,13.0218433343972,13.1575832579904,13.4236465421489,13.5323842581259
13.7173383049997,13.0233638969731,13.3510236719736,13.106036605032,13.7661757278167
13.5123727631512,13.0697690441805,13.3166619646208,13.906358802524,13.3761921885642
13.3290831554616,13.1938849058887,13.2837852353548,13.4716612462571,13.498134562963
13.2568655336454,13.2900914099933,13.3405168736333,13.3024540483387,13.8507241499498
13.6016603916998,13.3109083775364,13.2914918257102,13.7996383117279,13.4470801082234
13.1853536596472,13.2083086136697,13.3367319107171,13.6982687423044,13.6374103446673
13.5435321949576,13.01,13.3006592621364,13.4993310089281,13.5994935035396
13.2224065704162,13.3552537164705,13.3476594486748,13.4840553047099,13.8466375879172
13.4909363930252,13.1835486621115,13.2169511903823,13.2123680971067,13.2656343857232
13.1694616411687,13.1518564060182,13.3977751230945,13.9837017192905,13.7503991962385
13.683448394152,13.4136901792947,13.3508186098696,13.3721758411217,13.4327738845059
13.3371494324959,13.1374137296507,13.3338216886966,13.3949592665479,13.4923019101621
13.1566736617566,13.0219501373507,13.4053027229997,13.5411893416729,13.7933089766142
13.1886988222822,13.3206658870887,13.3119030394617,13.9296755660934,13.5203668073647
13.2780183633584,13.2004850900168,13.3340941963647,13.5868880202541,13.740669933988
13.1809400289351,13.1351362720206,13.2581836939254,13.2581597731354,13.5205861580711
13.6660806849887,13.300700186815,13.307544835942,13.9603950695412,13.4716472291452
13.1735375434535,13.1236233239894,13.2782068430168,13.0129389151605,13.7024980357662
13.2838612128247,13.1084867387656,13.3412400029886,13.9063829797226,13.8610762008709
13.4453954487764,13.0875498433734,13.3125929477947,13.1497244443161,13.4768591307076
13.2342130041629,13.2956661371723,13.3324644077915,13.4868936537875,13.5828413582952
13.2867987084001,13.0292829834651,13.3577790069103,13.6232735831954,13.5249660214026
13.0935569234108,13.059451257099,13.2977467581291,13.8331536589389,13.7761002782705
13.275176903139,13.0366024217825,13.4166194409166,13.0800281780632,13.716156768511
13.252226703749,13.0258891527316,13.1650473093218,13.0527767593343,13.5501863807053
13.3816996918222,13.0202910773597,13.338616112893,13.181124713398,13.4934951550625
13.3206401231093,13.211373406269,13.301394414538,13.7616872153965,13.4263458992887
13.2799882921284,13.1228001832194,13.3131445217345,13.3494282675355,13.6046572625749
13.505431383203,13.117126195474,13.2866533600015,13.9733455109754,13.6503359271406
13.1949281648679,13.0123264705511,13.2982334269882,13.2343491754564,13.5119435788189
13.6009885321559,13.0438757485676,13.3602684752049,13.6380477423813,13.5220987053652
13.4566186636243,13.1097015932787,13.3500716242797,13.3970345332295,13.6269921739584
13.4834555832493,13.4407582315169,13.3099768090748,13.0455478952614,13.5413665569115
13.3260283286764,13.3518883870787,13.3307896885592,13.99,13.6685623168611
13.3554709675752,13.0699388695867,13.3278969680502,13.8255145973875,13.4796950246726
13.606717835758,13.0752318157827,13.2876213386125,13.3028959144553,13.2265316151836
13.4532972599958,13.0590617671322,13.3359107608834,13.6020779560436,13.4315679755791
13.3811443465828,13.0881224032877,13.3249728168998,13.853233313981,13.5576357006526
13.2975070438466,13.1031140075658,13.3267222021612,13.7698477833171,13.7210415264249
13.4542268801235,13.1590146636931,13.3084294341309,13.8564543965696,13.7446474394596
13.2357844442566,13.085106736609,13.3259202097464,13.3287771614434,13.6685872509957
13.3167890362724,13.0646091354433,13.3016575314444,13.0424480777941,13.5400769337512
13.3019782606943,13.1217578550401,13.3519305243728,13.0509564516825,13.2994107866482
13.4005754853176,13.0373450964459,13.4304995268104,13.7896935095342,13.512396308634
13.4308257475214,13.2185790351941,13.3054886988894,13.6368059099317,13.5220150516233
13.2893956685546,13.036089245704,13.3487023359737,13.1755412933823,13.6453802109757
13.3435033570144,13.2126702711001,13.2407837944124,13.1569374185711,13.5813429202953
13.2929888268439,13.2406645180676,13.313810398067,13.6713141146242,13.3799766721783
13.2559612063233,13.0174097214098,13.3771355466287,13.2137871167966,13.375558255727
13.3581146163202,13.0309295088375,13.3206761538688,13.7513725533838,13.70067988927
13.3479404257555,13.0298191259949,13.393573514114,13.0302564499075,13.4669546409187
13.4514187872057,13.3936768031372,13.3734413552657,13.7305194655129,13.3691770486635
13.238595582598,13.2787301925413,13.3331603608658,13.8905849352812,13.8746866510462
13.6247563174293,13.1803890835295,13.2814775590248,13.5036681093046,13.4288416916568
13.3908806802656,13.1969878286519,13.3458196959863,13.691273303912,13.7463578234417
13.1557670424574,13.022325388859,13.3070975080955,13.2502304520491,13.3582598756998
13.1061427902246,13.2738476500108,13.3162980675912,13.9464272049346,13.7464203286597
13.6531966708506,13.2326407318246,13.2930503596872,13.166823491497,13.5994675875767
13.304741212063,13.2379169157796,13.3221016501368,13.9867128405902,13.7158987592661
13.1890314214421,13.1672686272583,13.3616715662898,13.153715250442,13.6094076574604
13.4945396586428,13.2533771051113,13.3359039986926,13.0372050357992,13.6110620115825
13.2611417904883,13.2415546003816,13.2861856721746,13.3658105277765,13.3645030308003
13.6707884217423,13.1029287348357,13.2995190202339,13.200121254655,13.5472063648046
13.2286605273664,13.8350818998115,13.2918982912349,13.7646296130566,13.6170787802168
13.2875478301441,13.0676472300292,13.2708468224759,13.7664166878233,13.7936506793542
13.4426855315185,13.2696360569833,13.2647655440829,13.2671632799905,13.4044328188592
13.3495159781977,13.3983103514764,13.4159635509799,13.9128331541008,13.6999516829854
13.06826006734,13.4184003191277,13.3552182502083,13.1561999663946,13.6096387181358
13.2700917073716,13.0355694105154,13.2992669690919,13.7213138489803,13.2821841432359
13.4518449843469,13.1198677854229,13.3084106195132,13.493442147342,13.7317778099804
13.3108535367231,13.0549073889959,13.3952485998272,13.9295433336564,13.6889561349678
13.4188188472522,13.407615096117,13.3235222985987,13.7600846916394,13.6983930238987
13.2247782635469,13.0689131105413,13.3427976038971,13.6471571642267,13.6393302328009
13.2462614233524,13.0122015216127,13.3442697754555,13.2515576194421,13.6376047699964
13.4389549816397,13.0451201646449,13.3065422465728,13.3211036796042,13.5394839403152
13.7660065751748,13.1058033117463,13.3303410880075,13.6409189913506,13.6877036877481
13.3246547761597,13.0801352900411,13.2966338777128,13.7364568982388,13.5114568541809
13.362607720836,13.2915062965539,13.2793749330591,13.6423748212074,13.5235797919156
13.4601714045458,13.1477532959468,13.3244742622075,13.0515312146243,13.4959806653981
13.3314326838451,13.400834103813,13.3688190444312,13.1112808337443,13.6003671569792
13.5577886331804,13.6774568437025,13.2830817765506,13.4295982383234,13.2225950442533
13.2781889655083,13.1081984174815,13.3158844094014,13.796825331591,13.4533733382474
13.5042080544958,13.1729133729386,13.3029451505815,13.7268106991447,13.7597816355239
13.2708448702591,13.0820056524942,13.3206279719624,13.3343876411753,13.6380072743854
13.6565303356361,13.013408747886,13.3326423570031,13.2663731346809,13.7261987695076
13.5919009277804,13.1332746349601,13.259207624309,13.1641443811292,13.5558899881182
13.6109031231218,13.1604519632753,13.295359908275,13.4790169041021,13.3885939998404
13.1180843378677,13.0490557626259,13.2764206682031,13.6859980154508,13.5572214500271
13.4518928576075,13.0688470213132,13.3300457816595,13.7343806268671,13.8148060687358
13.3623565858369,13.0376369561593,13.3224527624265,13.3152934556361,13.6935445017648
13.1235786994816,13.6494343999456,13.3389639917821,13.9001399074117,13.5655058673306
13.4135470826318,13.0141663345907,13.286223442951,13.6918584773533,13.6462440560551
13.4498124123501,13.0337544838207,13.3235537102026,13.38327456823,13.897341115443
13.4488356532379,13.3195526504179,13.3102292888423,13.6961698189263,13.4123971739041
13.1631947870963,13.1074665208858,13.2804839063584,13.4121891548104,13.4282984773207
13.3019417843987,13.1373343632019,13.3116721758587,13.4722879294582,13.677086170569
13.175048629021,13.0458303938255,13.3211660329732,13.6343358527719,13.5771410161214
13.5814761000425,13.142668392368,13.2767735959816,13.0983252320533,13.5268746519011
13.3808870570203,13.3395617106539,13.3445008045612,13.9447400186159,13.5691025171883
13.2601153754508,13.0774576051663,13.3241414227944,13.9590164270222,13.5076137707698
13.6091653458864,13.1012470048202,13.3010457535644,13.4279472793188,13.2816424683588
13.2468360401672,13.1773186657314,13.2479901481687,13.2381837331904,13.5311113306187
13.3166118394702,13.1162210312356,13.3144005858524,13.0972836118123,13.3261494733325
13.3069062939722,13.018714998151,13.3882101711907,13.9473853518438,13.4946935825873
13.4258527377387,13.3397153734875,13.3635835605969,13.719620052353,13.4666219922742
13.5495177221804,13.042511611094,13.3251607277573,13.178074057917,13.3696395092293
13.3550762516709,13.3919150023023,13.330327829562,13.7919838785768,13.8318081687305
13.172726088001,13.241963305561,13.01,13.102734839131,13.1602540728405
13.1426930466171,13.0592366229271,13.3872655470548,13.1872012782405,13.6766437018403
13.22366686716,13.1957416792685,13.2869840192597,13.2407434119565,13.710284421703
13.3144476530504,13.2046057011339,13.3390029103033,13.4052781720577,13.6815561907011
13.4960313123458,13.1309902243522,13.3486855129668,13.7196430480871,13.6079848133308
13.2999780153974,13.2292948983636,13.3742605075626,13.919620204587,13.4993407894909
13.155469795398,13.0541077047647,13.2836010850118,13.6962476626587,13.5640486219563
13.6288314010141,13.0628248919128,13.2625169793027,13.6418149093631,13.4672007007105
13.2632554406253,13.1109630309542,13.3226005013007,13.4753022203624,13.6270636671263
13.5036283141849,13.1244345141104,13.3037803082434,13.6759705038919,13.4937976784965
13.1809577778583,13.1425640803009,13.3014384012983,13.7747678072592,13.5567244527497
13.2830622310599,13.5116582112596,13.3199359780858,13.9046040018588,13.4974006978471
13.1980114103218,13.051876015976,13.2891712121511,13.1552235418439,13.6057526868062
13.4987584781677,13.7442512577041,13.3022850815125,13.7077291561662,13.6410118803053
13.4201609560278,13.0400274603242,13.3181025327776,13.295354139298,13.5750074720827
13.4209991751992,13.1697414717612,13.3028708456869,13.146281545597,13.5065619218231
13.3799880369448,13.0976113217248,13.3039170927455,13.5346276375503,13.3722832049239
13.3492758482481,13.108820744839,13.3064835916143,13.8549481816949,13.6018678735693
13.2644848187265,13.0679484711978,13.3032929875757,13.3380589962526,13.6683804017163
13.2721908809255,13.0368625897747,13.2831129170321,13.8226264182811,13.5922214994443
13.4117390460191,13.5188010777083,13.3142246629196,13.8940797519757,13.4854259250101
13.2254765932951,13.5482713992827,13.3986024060032,13.508710471347,13.5707975052055
13.5249118489522,13.0578617078368,13.2916094874763,13.3651879017057,13.414162752141
13.3455146500387,13.1182524150037,13.348785439978,13.8989850132074,13.6204200211544
13.4782771727793,13.0878098397914,13.2928459881541,13.3647853772372,13.6290932358835
13.4515381251855,13.0506850432606,13.3142628802453,13.8078325245503,13.5873424552904
13.4281260828693,13.101554910482,13.3307972382105,13.7911018846244,13.240780537728
13.4849114826557,13.1068204619481,13.3217372782155,13.4584680448193,13.562681797032
13.268141120998,13.1220480122228,13.3156839805365,13.5986984238347,13.6779295637974
13.2876380556275,13.084310721143,13.3355814176779,13.8490693578749,13.211581592822
13.2328423987612,13.0317096550956,13.2863590728337,13.7387332954875,13.2687881704542
13.1498243919146,13.202730309538,13.3335180055261,13.9418863079878,13.7079919401651
13.5789855081141,13.0104649292057,13.3871315395156,13.5351503269827,13.4186831325957
13.4740277892854,13.0906637456259,13.2184126253373,13.7283127068365,13.670021055906
13.1098055673348,13.133157480487,13.3246906922545,13.0277074552529,13.392532604908
13.4027671533206,13.0605783676333,13.3254695880736,13.4150334541479,13.6125755325229
13.5082438663655,13.1245473746726,13.3470416331898,13.6251822791444,13.4274853413792
13.4876563871538,13.0309854790081,13.338649197377,13.291577450256,13.8180042858937
13.1246566895499,13.0456600304169,13.2541713693088,13.9569271634238,13.4528026799324
13.4123231765981,13.1427237584956,13.2553967677234,13.5640975096954,13.509106930102
13.3934011916189,13.0356469120145,13.3162920561155,13.9367944692369,13.8546379561351
13.181802194586,13.0999833022165,13.2740659166771,13.0446247067282,13.685364741109
13.3517467033588,13.0385330880978,13.247860108306,13.6075141360772,13.3869756005741
13.4348248602159,13.1069469347646,13.334710220774,13.3199943294511,13.7180493751532
13.4058622667534,13.2371133064105,13.3222689392815,13.6360081078279,13.5692475184098
13.5108802147296,13.1109483328843,13.320741112692,13.7099834257934,13.8676580256569
13.1628423442877,13.3813870934802,13.2983774445826,13.6985314867123,13.4119990091845
13.3048354313048,13.0329601741405,13.3253079709092,13.3746976250941,13.4782621031755
13.1276202133048,13.0332241008702,13.3301231319407,13.1371409472952,13.6947032769683
13.3167860948873,13.1770650445529,13.3301091234876,13.3581282743686,13.6078761232717
13.3072475658519,13.062516170975,13.3253194118305,13.3032693533832,13.4386216939835
13.2916352922554,13.1392082947447,13.2847689194538,13.0833356975798,13.6643916606198
13.3584254317307,13.201541668926,13.325553389144,13.9319091953786,13.4013113272861
13.10082610734,13.7521684242091,13.3683158394875,13.3926186922309,13.4084722665841
13.259017662001,13.4478317705744,13.3444262370027,13.9341948150389,13.6005335699135
13.4181871265158,13.0352974013484,13.304889968047,13.2120820203169,13.5945538231345
13.1863817908408,13.0189117185041,13.3364379771299,13.0248861098541,13.589571411899
13.3351575851569,13.1818700473766,13.4041264750872,13.6670446863771,13.6771460324066
13.1927494131878,13.0762423083488,13.3557366050931,13.9099423092196,13.5972213188075
13.2565914491974,13.0734680157685,13.3513095912656,13.6088550034791,13.4234956752141
13.2841941236211,13.240071183751,13.3192365644076,13.6028055332966,13.6303910080943
13.3085524319905,13.035693767466,13.340841650423,13.2109550066646,13.7026135582242
13.3371098154803,13.1278682401722,13.2999005660263,13.7669087194744,13.4584545580233
13.2710607075004,13.2653368792923,13.2924678549844,13.7406388878368,13.7122274096764
13.2287663880462,13.1042536202474,13.2935449855441,13.0686930906839,13.5473139878506
13.1976231682631,13.0248328422983,13.3034101048139,13.3445191640891,13.7558369076887
13.6064466674547,13.0184717232806,13.3383333521497,13.4459975483781,13.6125607867123
13.3960651695535,13.2085963673032,13.3777107697178,13.1312415945877,13.3552006586848
13.2314148997157,13.3139496549363,13.2548095466447,13.8353868213936,13.4782397964136
13.2292251130074,13.0397958622587,13.3323576163613,13.149658165826,13.2139809167069
13.2806851052193,13.1940002935947,13.3219432493184,13.3137722971657,13.4269451741745
13.4263911614136,13.0574917463595,13.3410717480072,13.4798948014127,13.6344202994447
13.2240239325629,13.1343891029687,13.3213275272238,13.8852117008339,13.5607277595452
13.3658099522956,13.0763161269728,13.3373931781067,13.3186894691946,13.5807149267581
13.2050390423531,13.0204239934726,13.3258193392817,13.0673582847679,13.3491368853478
13.2790804363275,13.1504652228573,13.3222853642778,13.362989768428,13.6394460624567
13.4711445724304,13.0768857437791,13.3074952575263,13.8408826497386,13.4824035597633
13.2211981489282,13.0483443479463,13.3748247235118,13.7163518546145,13.3729186645546
13.3067674624942,13.0848994936003,13.3278141157348,13.0587224977122,13.459027355843
13.0911449080469,13.0298537312816,13.3645602985271,13.3830929084168,13.6767806979311
13.2857500127757,13.0477327187741,13.3039467530269,13.9065906591612,13.5511652809606
13.653740572647,13.2518095162087,13.3832351095708,13.854995713886,13.567552119656
13.3808269629609,13.0798869534498,13.4075342353861,13.7232150167189,13.3900389277439
13.4618476578689,13.1092110735473,13.3557546455747,13.0555239063429,13.5449770481525
13.4763287157214,13.0930646158909,13.3632197562521,13.1224351472376,13.4051276169099
13.3456032517935,13.0206139117691,13.4022546092163,13.3097593506284,13.6884779930647
13.4500316269772,13.4437505594404,13.3388429415238,13.3520109614489,13.6375698793759
13.5724066171134,13.0932067017608,13.317186997924,13.5097620925831,13.7992612598853
13.4505802701112,13.1192513477758,13.2133899432431,13.4336128397789,13.7086288306072
13.3272028677297,13.2014684518919,13.3128990547432,13.2613639447717,13.7274036234277
13.2509521947283,13.017242272876,13.3044810352672,13.714877703722,13.530300154913
13.2631137661687,13.0812655271559,13.3689335746917,13.2635259407212,13.7082331287583
13.3772446460259,13.3077893366891,13.3224784198951,13.6618472055626,13.5182351888676
13.2677779219694,13.1859813764911,13.3242973442214,13.0496368757641,13.8100281922852
13.4709380292342,13.1407831643172,13.3321657615791,13.0677532552179,13.7070457478354
13.1247916118577,13.0187727004437,13.3358662424556,13.8475370532589,13.4837715262951
13.1934688842746,13.3053757738543,13.3619426609033,13.0809923647614,13.5962301179906
13.3408335263813,13.1160875195832,13.280125425033,13.1307461770463,13.6278570950827
13.3315713832591,13.6994363904619,13.3823622240334,13.2458024547334,13.4876843167953
13.2505455962285,13.0117287103012,13.3553551384531,13.5827937499972,13.3256651560271
13.3966227663829,13.1002320042928,13.2792770786562,13.2522650871327,13.2857300436103
13.4192621564551,13.157676035932,13.1974775967199,13.066008685994,13.3836112414575
13.5253969880713,13.1165798329768,13.3735141808169,13.211941458247,13.5145803255344
13.203475600419,13.2206906906144,13.3329945743191,13.0717041350159,13.7023351844226
13.2139893016435,13.0447623551543,13.2539708343,13.487161379394,13.8400557792786
13.4072981308818,13.3673590422286,13.2961455129072,13.2701582017746,13.3562982445256
13.2215124717696,13.2600544524796,13.3223634670707,13.5348027921146,13.5074604685843
13.3601142995247,13.0148778554359,13.3123095263496,13.3606171614184,13.6802497507503
13.4141643198021,13.1298477089044,13.2897164587215,13.6707904910743,13.5756824651418
13.2443928754064,13.3615365200029,13.3135320175964,13.1510112653708,13.5553094015869
13.2011930269845,13.0144866887564,13.1981513993294,13.4886430986936,13.5187361223184
13.7382775034428,13.0519679436708,13.3310270201164,13.8452479294018,13.4073188292496
13.3654315383355,13.5101456356771,13.2647680111179,13.5484220904412,13.6555677166067
13.4386301036579,13.3431001949311,13.293406657848,13.6810073477895,13.4002686125461
13.2213766951351,13.1059324902629,13.3140502209651,13.7331402778144,13.5212474609076
13.431783360809,13.0364992445485,13.2994323618708,13.4788538387082,13.5341931346886
13.321841147184,13.0541274036233,13.3905135633894,13.3734605523043,13.6905913517201
13.2091203873988,13.0163692729803,13.3273309404996,13.4844813207485,13.5550019027817
13.4683822960543,13.121193982048,13.3112585067593,13.9722208047531,13.7377075946064
13.188424076528,13.0796501394911,13.3660201562079,13.3252552169724,13.5533039045249
13.3468205543517,13.1024566438236,13.2687087666291,13.1061801227045,13.6510483446359
13.3766926234539,13.0971379793661,13.3508776569199,13.2818992266913,13.8196185965432
13.5695687471718,13.2109946374923,13.3338537240971,13.292166627841,13.4356146943067
13.2577800896489,13.1255619447392,13.3376916915136,13.8576653385078,13.5988186379475
13.4208329331427,13.2060821290976,13.3369029697597,13.2272905628587,13.4595443951515
13.3235861018595,13.4083276480448,13.3118227166049,13.1186365902542,13.2650152626595
13.5322597931818,13.0555892309214,13.99,13.6609550434331,13.5770109912419
13.2695845481855,13.0410559373676,13.3210546561673,13.6283296925237,13.4842700221274
13.4389056209015,13.1644282323297,13.3693352531795,13.2802447829032,13.4753423492771
13.3198382252054,13.012191758759,13.3195742640678,13.6916251103691,13.868008173015
13.3880859627791,13.0168033594979,13.3274231363272,13.771819085464,13.5555318816105
13.5181820161482,13.1026255020266,13.3170963841572,13.7822670579173,13.7163556482411
13.3338345349504,13.1292990105925,13.3233733832264,13.3647046621785,13.4191320047007
13.2877863110888,13.1344241849941,13.3435148659966,13.2076947477827,13.6435322509656
13.2580995534762,13.0933865025482,13.3544894496671,13.0496065276803,13.6174822984924
13.3323975931914,13.2842068999551,13.3010276769713,13.2151926710347,13.3540550020522
13.2586893922786,13.4327295185969,13.2032913412973,13.7253602716387,13.4891684785956
13.5357018523779,13.0335564871153,13.3287584491623,13.7967333772033,13.2382139520238
13.665767661185,13.2932862485174,13.1640561645242,13.4261845313465,13.3418218660287
13.3740916366552,13.1537212330477,13.3715705377765,13.2834951990646,13.6656424426902
13.426648581848,13.3390566730068,13.3081992956501,13.6517691749205,13.8055556175147
13.4417275934047,13.0196432349584,13.2345424647572,13.3023899989408,13.6185934831086
13.325627489896,13.3649794123889,13.3583811961381,13.5752454099811,13.6417303380558
13.2908422663089,13.0274763669205,13.317961400179,13.3612178562836,13.01
13.3671829525124,13.0994799130277,13.3500580118902,13.260353164111,13.3142275807433
13.2045594293265,13.1281453644295,13.3290527321615,13.8794939412496,13.4468269948577
13.1649245701175,13.0256531005971,13.3144922529669,13.9269632052544,13.402859209224
13.3697886790269,13.124574420412,13.3370238169908,13.2295369114437,13.3797281715425
13.2873550113456,13.2680977029543,13.3114117481251,13.3102677734147,13.5458856603251
13.4493072003225,13.2353739786497,13.3185550970295,13.6241141553183,13.426215442181
13.4033032875612,13.3577808701772,13.4234631768601,13.2769340282341,13.4671683370016
13.225357171932,13.1114869420079,13.3292262839062,13.5255805709015,13.4391771330979
13.6473363571293,13.0136682541601,13.3276392743169,13.0342063496815,13.5044531454149
13.2961982943809,13.081068421993,13.3138305306211,13.6175376078635,13.585186047013
13.227580645981,13.1350204135736,13.3108360940564,13.4877533652696,13.458023493317
13.4554794891322,13.18049772662,13.3229356696199,13.1836275391249,13.4766289921388
13.1146571381665,13.0935650455947,13.327861152078,13.9058703904069,13.5544686668848
13.481634744465,13.1614050547363,13.3418295298763,13.2345637981971,13.4963274434734
13.2525905303047,13.0513155753141,13.2907003803453,13.5573952706813,13.4983860749178
13.4660407703556,13.1794206994254,13.3768819948575,13.6814390838702,13.6412886977798
13.4819218153081,13.2765080698705,13.3309346154369,13.691509640202,13.4538794030094
13.3195765874228,13.2942922259485,13.3390733579552,13.418351198254,13.4955119731568
13.3957667657034,13.2163138127615,13.0791852227854,13.4970310908754,13.1301263950548
13.3002253252861,13.1203503045482,13.3255222358134,13.1579627710077,13.6939980370878
13.4561256739438,13.0523672768874,13.1983022025453,13.6025787878122,13.5826801920301
13.459033897553,13.1211565170053,13.2717209651401,13.3510545521352,13.6395567089529
13.0359977821938,13.0466327083846,13.2988347403539,13.0143323905059,13.4812457935908
13.1474213815974,13.0268904117879,13.3437926624933,13.7420010154329,13.8248085055335
13.2738122479183,13.1943235460862,13.337252000865,13.0713621082435,13.493962617381
13.2176880406975,13.0182934173427,13.3103254729201,13.616402963225,13.4887908104036
13.2385654137278,13.0402702243814,13.3167444102357,13.7223481828765,13.6909377667675
13.2274089537426,13.0628320022987,13.374690169988,13.5706116562755,13.5466588174396
13.2465882274299,13.0549794863605,13.3318569621511,13.0479825468564,13.1318573908377
13.1132975419856,13.1077851673971,13.3274586215215,13.5965961081713,13.472598826658
13.2309574465675,13.0136142684306,13.2476790249884,13.3727370223608,13.3750237116766
13.18218521125,13.1783660597275,13.2929721759175,13.137323888608,13.5216354179927
13.3692224404161,13.0185164202696,13.3980937187919,13.961731873418,13.4370561938131
13.3658109516879,13.0542591044711,13.2632034907245,13.7679761101666,13.4671397317377
13.3062129125118,13.0336651618125,13.3577700038394,13.466856314724,13.4262902469833
13.3033975778607,13.3605399998617,13.3073093867409,13.1182437118619,13.4052047405151
13.2855607655474,13.01897639894,13.4090916480298,13.5012971252384,13.4809997657092
13.1869824583478,13.0652646745941,13.1976247549212,13.7901708641213,13.603178836224
13.1885440270165,13.543792701999,13.2616192492911,13.1390231412578,13.7395802990489
13.5371188455816,13.029778443706,13.2671840309916,13.069537347432,13.6373025200286
13.4847952631099,13.0873689589343,13.3542764705463,13.4346418393847,13.8104335103716
13.064718069658,13.131259763658,13.2859176619842,13.0352762414791,13.7276887968024
13.2769921152909,13.0776669524691,13.317900215222,13.0900445807043,13.6189666676258
13.2779298301152,13.6210251180456,13.3267384382561,13.0605987491802,13.3878797767171
13.4061197469883,13.0780228399791,13.3149580657015,13.3460220120298,13.7067641152397
13.499060969048,13.3593168707106,13.3282949763272,13.5006420037556,13.4822319767318
13.4154501173024,13.0357730647261,13.3075367110172,13.4649613557834,13.5754194862695
13.1243367174752,13.1493201500462,13.2955320325708,13.7250229442309,13.5804831090346
13.3628385326086,13.0861796443895,13.3274560150241,13.3049534644227,13.4282956451642
13.0751560032635,13.0836320198157,13.3389349454661,13.2285610989798,13.804278269998
13.2954823151614,13.0553057313545,13.2952323500268,13.0812092794016,13.7327164247905
13.5418477800546,13.0983405328903,13.3440666182177,13.9319478984465,13.7945668734512
13.691552286745,13.1524995240833,13.3318202372109,13.718536287198,13.5305096199676
13.1367802707671,13.4085297320463,13.2822075761245,13.5544288001971,13.4509038388443
13.3721979115501,13.0128739632243,13.344551618827,13.7415041971721,13.4491983690537
13.3949354388466,13.07917961188,13.3155030186074,13.0974011836296,13.7737316982427
13.3813056726231,13.0897167322912,13.307840570495,13.1845320686044,13.6834739709257
13.4787157770226,13.4501135727253,13.357503756801,13.8629590437002,13.7369197166394
13.2288203918314,13.0418608938947,13.3321565385811,13.8895377391126,13.3516033836542
13.3409516672809,13.2225036890196,13.3007358444357,13.5909488276366,13.4360222259469
13.46922364142,13.404642218068,13.341863727601,13.6472694611351,13.4485661513311
13.3937153070221,13.0128449953766,13.323662336055,13.9338811906908,13.490483074168
13.2708393492961,13.1637493636451,13.3129303371235,13.4298005633732,13.5173580442807
13.5243905750123,13.2157367570796,13.3479187437569,13.7598458266088,13.5331746768399
13.2179131282127,13.0749500101719,13.2811007684018,13.2301234310191,13.3826345871053
13.6837907248993,13.216461022906,13.3988811077656,13.3719868983897,13.5800003426997
13.6999684748992,13.0428214642293,13.3728118877586,13.0729394446305,13.5337387036898
13.302527970679,13.0125821759399,13.2776807754117,13.0503743450699,13.4600647833084
13.5477344037943,13.0161852682447,13.2803134447575,13.5874658692095,13.570549186915
13.5322669380445,13.2243262347783,13.3086929161158,13.7371244797982,13.3888223505007
13.3338375919601,13.0696467429954,13.3190892256142,13.1649748896779,13.5838126362229
13.1718750924428,13.0792732639496,13.3086584964389,13.0497458500462,13.3103224325266
13.4853930755412,13.0400332411435,13.3684059960574,13.1755589890845,13.5922712505937
13.6496289460583,13.2427157315931,13.3159720772691,13.5504427715454,13.3620499411695
13.593724514048,13.1299331443605,13.2750897752153,13.5043917472767,13.2587373989134
13.4154815617956,13.1352122848228,13.3204346301697,13.3322036306576,13.4682226016344
13.4630963920079,13.1860478975942,13.3147195193348,13.092535994439,13.4783901338236
13.4810577485853,13.2997351442415,13.2874270405812,13.0573748966707,13.5558592491235
13.4184062348986,13.0888374211898,13.2992245578401,13.2424906126967,13.4545762431894
13.7370998829956,13.0817289543743,13.1488819571958,13.793338658391,13.4198610337957
13.76913019407,13.0824459536587,13.3277883151694,13.1032658668751,13.439907932017
13.4128581468463,13.2132066761916,13.2481206910249,13.4657203808207,13.2502092988044
13.4757393484993,13.2005599679397,13.3252333450278,13.5367658600958,13.4003659888104
13.5811328972203,13.2164984472051,13.3682085950091,13.0380499160537,13.5080822685018
13.5599997330919,13.16859085086,13.3196414744748,13.7506662162265,13.396328057892
13.2728874345526,13.2447484178643,13.3016896669621,13.6874042103245,13.5531466647097
13.2334868748224,13.1853344318783,13.2954715314706,13.9438731395523,13.6994957787119
13.3686467562136,13.5473103313673,13.2838823844773,13.5827590079071,13.5960684890383
13.603648466787,13.1638523403094,13.4036146230529,13.1518766975801,13.5058075808206
13.3375804473841,13.3009768424739,13.3078005651533,13.4849592844533,13.4562412556777
13.5629175730378,13.0989291889715,13.343281535437,13.1154178507245,13.8366380082706
13.522931406331,13.1332074667175,13.323144013616,13.1642815575372,13.6334244994738
13.2953599452321,13.0251947612132,13.3525660660624,13.0662964419113,13.4080593688732
13.2361201555232,13.068104304755,13.4351717604323,13.348091938026,13.6319369956637
13.4997942322776,13.0980380712624,13.3406577614149,13.3135341412878,13.6682167526143
13.5221852981306,13.0365471366399,13.244144018851,13.0561850070911,13.2914142756035
13.2818816527543,13.0311636269861,13.3285579290236,13.5711806772497,13.3327065754415
13.2978206262948,13.2232034820138,13.2802430685956,13.3366925719445,13.4657719538142
13.2173089301133,13.1997093103918,13.3908186081623,13.7124127225428,13.5226673397709
13.320160440034,13.1276692248478,13.3227852767513,13.3141613863298,13.2550874304023
13.374950138691,13.0783236427746,13.3293162241822,13.5158232547648,13.5469928313318
13.3452077910325,13.0464204487921,13.3364370769279,13.7654466223516,13.791565395619
13.568970415928,13.4471826493331,13.312814570151,13.5490544669628,13.4521270139003
13.2996134625726,13.3118496259572,13.3158219940719,13.0568908203203,13.6018844495582
13.5965846982826,13.0102603386149,13.3534586095041,13.0412607258623,13.2804093259593
13.2681288302964,13.0181173315163,13.3024790178643,13.2765819643807,13.6571283798688
13.6014600793468,13.0348531861298,13.335968574918,13.8134987071463,13.5313415494014
13.2500214944104,13.2902415710663,13.3458351414304,13.3499711766145,13.5716020364137
13.3402999874748,13.1788534572898,13.2544381200231,13.359290977932,13.7667628569371
13.4787146743098,13.0711971819113,13.4112134808928,13.1472331313016,13.4940514519815
13.481645668901,13.0520945860475,13.3154990233432,13.5283352748976,13.6882333976328
13.2299631737998,13.0911664969032,13.2972299458122,13.5003909090945,13.6788761927539
13.3245372408294,13.1924403520541,13.231033843824,13.0338914929378,13.756944612268
13.6025098574285,13.0908782045656,13.3753077316841,13.0806796759011,13.640709487941
13.2289691786048,13.0902599233138,13.3285376923,13.6051748259021,13.667700263374
13.0828534090451,13.1012429085299,13.2938738905871,13.3281031538866,13.6339136969098
13.6165624454936,13.2672722068006,13.3104249374204,13.6937943643429,13.6063948103507
13.4222771797473,13.4094322068647,13.3167898733561,13.8388445346678,13.5407061800016
13.7807582592134,13.2699334486552,13.304867117805,13.3448737160294,13.7186577293051
13.2569267375791,13.0622431785159,13.3282968223711,13.7729249739011,13.4775236590112
13.1055546214315,13.1128470021992,13.3685245802674,13.121929557408,13.5089494582999
13.5489248521325,13.2060890475381,13.3113794903051,13.2983268937207,13.7163310346597
13.2281873156516,13.0999216774427,13.3641823346638,13.4579822425213,13.4512543640788
13.2490920338757,13.0949952606945,13.3589654501153,13.5963242516644,13.5027282268064
13.5077770495796,13.119512723819,13.3475152844063,13.7812572677865,13.353870925235
13.2782670074468,13.0176873176102,13.3320585576863,13.5585064443049,13.5141485722467
13.2575375533095,13.0283098917234,13.3672703101169,13.3889525186507,13.5123106673157
13.4745317382704,13.0489791635277,13.3213644615009,13.3851862158988,13.576226492001
13.374635413318,13.0972111065555,13.3440338252931,13.5814853622482,13.5151062863261
13.5096387352928,13.1260576882633,13.2948954587731,13.3123561024388,13.6186854980416
13.4207287615912,13.2005710781317,13.3468491673173,13.1140468295992,13.5556025455245
13.2731258421394,13.3016718664687,13.2100543841801,13.6122531940567,13.6502217614348
13.5552145143259,13.2943977322189,13.3125152020216,13.3355432299153,13.5883550128769
13.5478948331984,13.0499022832449,13.2997353217242,13.1317100823673,13.4444805095938
13.3979289253304,13.1196540010671,13.3735898466112,13.6586692451713,13.6563275023754
13.4031029667558,13.019535777617,13.3293431121398,13.8916511721443,13.5758941071097
13.2442274118866,13.0626848286407,13.3552837204663,13.8693881661765,13.348253639001
13.3345502955629,13.0802332325672,13.298323540709,13.1956488276059,13.5267025069668
13.1756177516777,13.4128623519704,13.3644834626266,13.0424792926201,13.6971013364787
13.2861196831055,13.2212990530259,13.3806793384132,13.2192995585009,13.5075017293439
13.2753092358916,13.1587308724434,13.3606841813014,13.0832446903279,13.5676026682959
13.8166348410346,13.0475195548553,13.3143429769621,13.3084220589093,13.4178177619709
13.2227255951229,13.0889197355182,13.3761309544653,13.5652908112018,13.6087249170513
13.348825343255,13.049219704821,13.3735282306043,13.4717929280444,13.4881467291907
13.272491066295,13.0212684569856,13.3957160224215,13.5593274693915,13.7090686986321
13.3758162594611,13.1365302702221,13.2953965498981,13.502622869758,13.3390296150007
13.3273276694679,13.0433835097233,13.3293224400014,13.8722234742335,13.5624855112399
13.6021963316482,13.6786670907937,13.2991901881453,13.8506496311364,13.7238906998924
13.4481986046595,13.2560429181257,13.3093745188886,13.5175917223224,13.5599484046461
13.3150552929303,13.1071949239952,13.341768058026,13.9114523094397,13.4851464042693
13.2038942126378,13.0223560720394,13.277847449034,13.5448407721842,13.5050663550724
13.4853785261517,13.1004960839233,13.3081906988206,13.1049831769979,13.8822415278371
13.3477144594321,13.1828157208219,13.2076027202762,13.1558466621519,13.5911507449365
13.1332989062701,13.3614603017009,13.3442340799446,13.2179932616678,13.4236956529391
13.2267609686835,13.0145808498647,13.3288772569203,13.4011116289715,13.7422435953215
13.5615018519197,13.060232129875,13.3477999254176,13.7248330465978,13.4624812542164
13.4280126035758,13.2152906828093,13.3492214968855,13.0860669081787,13.361445765121
13.7202340750621,13.5900125681756,13.3489834223259,13.4100602814335,13.5238491655602
13.3471112007591,13.4045692570926,13.4257331489822,13.8917049862183,13.6113440962232
13.3892289932182,13.0832480270578,13.292936315134,13.3367763990533,13.3444311281856
13.3612622789836,13.3998443106639,13.2713258965593,13.9802124239383,13.6444503595459
13.4057239116914,13.1635717800237,13.3251406685523,13.9045687296741,13.5934585409269
13.4840687218552,13.0366480505517,13.2963490554276,13.0686734335633,13.5656388237789
13.2432869837112,13.2478352003981,13.3164472385234,13.8872760004282,13.7233665799834
13.3400457082799,13.0121241361986,13.2856573959691,13.0876142219386,13.6840607430144
13.3699026711372,13.3252180458088,13.2779654638911,13.7189908917992,13.4187178386769
13.1917991637133,13.0329593855731,13.2602280750392,13.0903320520469,13.7975258389287
13.2933153020375,13.0114128747021,13.3193437527733,13.8552026873693,13.6587631905301
13.4167178036473,13.1733790045041,13.3519565248213,13.2001074676291,13.6345910134348
13.2108926935782,13.0223558561812,13.1916787553321,13.3237371107137,13.528951625152
13.5553163927459,13.1368240520133,13.3077622710474,13.7671800461151,13.7604240145549
13.3188116752949,13.0417486637612,13.2653212258497,13.0291344519407,13.6956860932873
13.1823137789759,13.3680537974707,13.3157231099277,13.6487891526528,13.55734051932
13.7052578211922,13.0928547254859,13.3133098605312,13.6479623755494,13.2375992515186
13.2184894061567,13.0880794682754,13.3021235914112,13.818514662898,13.6002680581802
13.347133207145,13.0479034222237,13.3201517532276,13.2289599086755,13.7761321329756
13.3376881729836,13.0807391095559,13.3915961626378,13.9243414501566,13.3879141059395
13.5813026046747,13.2190892917276,13.3290121257438,13.9585246680695,13.4617127453071
13.44314378842,13.0181283343793,13.2795028473625,13.3056604175493,13.7023532217247
13.3998652074499,13.3434683522521,13.2771925757885,13.6332672242027,13.5719965453859
13.4094133802165,13.1089031143931,13.4363052381842,13.2773422734299,13.5072529106287
13.3666531366193,13.0446289425865,13.331514875568,13.331296855642,13.6078360607109
13.3007423499034,13.2270218063065,13.2998919840998,13.3531133461461,13.5374703523765
13.3846597926627,13.014418229065,13.2811449139552,13.6006092520381,13.462811047354
13.5245818389588,13.0338300814586,13.3061240660054,13.1893079975026,13.7022676573501
13.308767478065,13.0228522851973,13.2694222181426,13.6122956993711,13.5698774261583
13.293710514542,13.0906674764114,13.371250866162,13.1807939604414,13.3328712487969
13.4267015604261,13.0423462865091,13.3258421582651,13.5843037570691,13.7307607699133
13.2376162793006,13.4150133151659,13.227469806642,13.4802766987858,13.8564787166635
13.1541714158292,13.1442562918364,13.3861315735132,13.0836704373224,13.5854510010431
13.2634095681616,13.0845857218461,13.3220992738904,13.5906322362665,13.4375910559741
13.2579677987843,13.0733250168048,13.3590667152438,13.4883962710537,13.5195585881538
13.8234853583711,13.0172045163066,13.3423539255608,13.2316499959514,13.4164130045288
